node_id,zero_rate,observations,avg_speed,traffic_regime,road_type,cusum_flags,ewma_flags,persistence_error,cusum_flag_rate,ewma_flag_rate,topology,density,reliability_original,reliability_equal,reliability_zero_only,reliability_pca,disparity
0,0.0783348627679986,23974,57.06180778184303,free_flow,highway,914,3160,2.6211200030191435,0.038124635021273,0.1318094602486026,4.8790474,4,0.9190122632852257,0.9172436806540419,0.9216651372320014,0.7789969819213685,2.6211200030191435
1,0.0542254108617669,23974,60.93519863118908,free_flow,highway,653,1447,2.1506210100624883,0.0272378409944106,0.0603570534745974,3.8074965,4,0.9499457745891382,0.9527265648897417,0.9457745891382331,0.9931845301108587,2.1506210100624883
2,0.0542254108617669,23974,61.18143683434832,free_flow,highway,940,2518,2.157316226176241,0.0392091432385083,0.1050304496537916,4.7728834,4,0.9386168349044799,0.9338449987486444,0.9457745891382331,0.8261532063872303,2.157316226176241
3,0.0547676649703845,23974,50.06083765017923,free_flow,highway,1098,2550,3.006879277947936,0.0457996162509385,0.1063652289980812,6.349163,5,0.9367064319679653,0.931022496593532,0.9452323350296155,0.7705306112129748,3.006879277947936
4,0.0566446984232919,23974,47.00567600681162,free_flow,highway,1506,5887,3.832567209053194,0.0628180528906315,0.245557687494786,6.529217,5,0.9043380328689413,0.8783265203970969,0.9433553015767081,0.412780951925555,3.832567209053194
5,0.0547259531158755,23974,52.00483175556588,free_flow,highway,1168,2532,3.458323517805665,0.0487194460665721,0.1056144156169183,5.9786325,6,0.9362976557937767,0.930313395066878,0.9452740468841245,0.74816258777566,3.458323517805665
6,0.0547676649703845,23974,55.27170787533056,free_flow,highway,1139,3767,2.798920854735488,0.0475098022858096,0.1571285559355969,2.5448682,0,0.926211729373488,0.9135313256027363,0.9452323350296155,0.6767533197585098,2.798920854735488
7,0.1003170100942687,23974,56.86534875413974,free_flow,highway,777,2405,2.3466695898069467,0.0324101109535329,0.1003170100942687,5.883158,6,0.9132643697338785,0.9223186229526432,0.8996829899057313,0.8622316083111109,2.3466695898069467
8,0.0687828480854258,23974,56.53892103350058,free_flow,highway,957,2331,3.235459098547236,0.0399182447651622,0.0972303328605989,3.9084022,2,0.9313005756235924,0.9313561914296044,0.9312171519145742,0.8244276057608839,3.235459098547236
9,0.060023358638525,23974,53.47822517052203,free_flow,highway,1367,4637,2.676394533231106,0.0570201051138733,0.1934178693584717,1.9547358,4,0.913898389922416,0.8965128889630434,0.939976641361475,0.5398074449838088,2.676394533231106
10,0.0606907483106698,23974,56.7619118462991,free_flow,highway,731,1550,2.6154677984483192,0.0304913656461166,0.0646533744890297,2.9890704,3,0.9445566029865688,0.9480548371847279,0.9393092516893302,0.9564665977704124,2.6154677984483192
11,0.1247601568365729,23974,55.21582892048396,free_flow,highway,947,2929,2.6091805639972403,0.0395011262200717,0.1221740218570117,3.6266563,4,0.8928088762826396,0.9045215650287812,0.8752398431634271,0.7566304472551297,2.6091805639972403
12,0.0555601902060565,23974,38.67476004097031,congested,highway,2003,9631,3.102575558045025,0.0835488445816301,0.4017268707766747,6.5773964,4,0.8696087428047051,0.8197213648118796,0.9444398097939435,0.0,3.102575558045025
13,0.0639859848168849,23974,60.171234975456215,free_flow,highway,839,1971,2.673791349358631,0.0349962459330941,0.0822140652373404,4.2766533,7,0.9381663468757822,0.9396012346708935,0.9360140151831151,0.8905543065981916,2.673791349358631
14,0.0557270376240927,23974,52.63035494139815,free_flow,highway,999,3254,3.834189287071576,0.0416701426545424,0.1357303745724535,4.20866,2,0.9310836739801452,0.9222908150496372,0.9442729623759073,0.7570655626109789,3.834189287071576
15,0.0564778510052556,23974,47.09360949560437,free_flow,highway,1498,6158,3.6183070018975583,0.0624843580545591,0.2568616000667389,4.169542,4,0.9022440977725871,0.8747253969578155,0.9435221489947444,0.39776271058632773,3.6183070018975583
16,0.0547676649703845,23974,29.17968770069692,congested,highway,1201,2503,1.808753894761653,0.0500959372653708,0.1044047718361558,6.6126976,5,0.936239259197464,0.9302438753093629,0.9452323350296155,0.7389307167110939,1.808753894761653
17,0.0546425294068574,23974,53.75803835438126,free_flow,highway,990,2697,3.024527464276776,0.0412947359639609,0.1124968716109118,6.0073805,5,0.936456160840911,0.9305219543394233,0.9453574705931426,0.7973146255290227,3.024527464276776
18,0.0546425294068574,23974,52.8577196393977,free_flow,highway,746,1391,3.445422521223389,0.0311170434637523,0.0580211896220905,2.2409236,3,0.949386835738717,0.9520730791690999,0.9453574705931426,0.9653063380937895,3.445422521223389
19,0.0551013598064569,23974,55.38334286747151,free_flow,highway,972,3006,2.727946363189752,0.040543922582798,0.1253858346542087,5.6343646,4,0.9337532326687246,0.9263229609855121,0.9448986401935431,0.7828109647652083,2.727946363189752
20,0.055977308751147,23974,61.06893219969783,free_flow,highway,823,2126,2.4447619345560865,0.0343288562609493,0.0886794026862434,5.5093412,4,0.9418119629598732,0.9403381441005534,0.944022691248853,0.890317369192562,2.4447619345560865
21,0.0547676649703845,23974,56.97127220163114,free_flow,highway,692,1408,3.338419431897784,0.0288646033202636,0.0587302911487444,2.5499327,3,0.9496204221239677,0.9525458135202025,0.9452323350296155,0.9823041052414658,3.338419431897784
22,0.1625510970217736,23974,40.28025388946491,free_flow,highway,1152,3842,3.1614493578360685,0.0480520563944273,0.1602569450237757,3.6182978,6,0.8608075415032952,0.8763799671866744,0.8374489029782264,0.6060812715840219,3.1614493578360685
23,0.0760824226245098,23974,50.42753644490526,free_flow,highway,1197,3761,3.1038561616354228,0.0499290898473346,0.1568782848085426,2.7666893,2,0.9129890714941187,0.9057034009065377,0.9239175773754902,0.6454789880269229,3.1038561616354228
24,0.0571452406774005,23974,60.36749827193745,free_flow,highway,740,1786,2.484916314764275,0.030866772336698,0.0744973721531659,4.874194,4,0.9446400266955869,0.9458302049442452,0.9428547593225995,0.9399465785169183,2.484916314764275
25,0.0797530658213064,23974,53.21599927699452,free_flow,highway,1128,3730,4.117341091076179,0.04705097188621,0.155585217318762,3.3562179,3,0.9116209226662217,0.9058702483245739,0.9202469341786936,0.668663929324771,4.117341091076179
26,0.1178359889880704,23974,46.93621141818981,free_flow,highway,1374,3340,3.627773341755155,0.0573120880954367,0.1393175940602319,1.0,0,0.8899724701760241,0.8951781096187537,0.8821640110119295,0.5897609776721381,3.627773341755155
27,0.0586885792942354,23974,57.91779707447618,free_flow,highway,692,1498,2.296659641860693,0.0288646033202636,0.0624843580545591,3.9139662,4,0.9465170601484942,0.9499874864436473,0.9413114207057646,0.9741578437127719,2.296659641860693
28,0.0586051555852173,23974,62.20353628798924,free_flow,highway,917,2261,2.1782767972181505,0.0382497705848002,0.0943105030449653,4.878662,4,0.9383248519229165,0.9362781902616724,0.9413948444147827,0.8482930850658907,2.1782767972181505
29,0.0574372236589638,23974,41.10635344374395,free_flow,highway,1025,3235,2.208654464956083,0.0427546508717777,0.1349378493367815,3.324359,4,0.9299991657629099,0.9216234253774923,0.9425627763410362,0.7485841122587942,2.208654464956083
30,0.076207558188037,23974,54.378038592734725,free_flow,highway,896,1967,4.796994693987269,0.0373738216401101,0.0820472178193042,2.090176,4,0.9303912571952949,0.9347904674508496,0.923792441811963,0.8646624667986227,4.796994693987269
31,0.0763744056060732,23974,60.85225973971803,free_flow,highway,894,1898,2.068399032814649,0.037290397931092,0.0791690998581797,1.8946576,2,0.9308834570785017,0.9357220322015517,0.9236255943939268,0.86977503742755,2.068399032814649
32,0.0839242512722115,23974,58.70758182475459,free_flow,highway,1063,2466,2.648028121735054,0.0443397013431217,0.1028614332193209,5.387335,2,0.9202052223241846,0.9229582047217819,0.9160757487277885,0.771237474267107,2.648028121735054
33,0.0574372236589638,23974,55.81247204312608,free_flow,highway,987,2130,2.697715630425024,0.0411696004004338,0.0888462501042796,5.565667,4,0.9395344957036791,0.9375156419454409,0.9425627763410362,0.8339915210030691,2.697715630425024
34,0.0545173938433302,23974,59.52203504855128,free_flow,highway,971,2896,2.719743429058729,0.0405022107282889,0.120797530658213,2.257032,4,0.9350296154167015,0.9280609549233894,0.9454826061566698,0.7907083447328882,2.719743429058729
35,0.0546425294068574,23974,57.66812305592964,free_flow,highway,679,1386,3.334538971451877,0.0283223492116459,0.0578126303495453,1.5289235,3,0.9499874864436473,0.9530741636773171,0.9453574705931426,0.9881991067993402,3.334538971451877
36,0.1909568699424376,23974,52.91086517669274,free_flow,highway,1217,4603,2.3199543056565246,0.0507633269375156,0.1919996663051639,4.18594,3,0.8368732793860015,0.8554267122716276,0.8090431300575625,0.5180125319474591,2.3199543056565246
37,0.111036956703095,23974,55.95236352278461,free_flow,highway,1018,3184,2.865521825231302,0.0424626678902144,0.1328105447568199,5.3190236,6,0.8983231834487362,0.9045632768832902,0.888963043296905,0.7237762022904185,2.865521825231302
38,0.0902227413030783,23974,44.41850198826507,free_flow,highway,1680,5445,3.7131115255812848,0.0700759155752064,0.2271210478017852,5.7731876,2,0.8864269625427548,0.8708600984399767,0.9097772586969217,0.3641078643271075,3.7131115255812848
39,0.1626345207307916,23974,48.20233993572402,free_flow,highway,1064,3822,3.417412398484602,0.0443814131976307,0.1594227079335947,5.766285,6,0.86165846333528,0.8778537860459943,0.8373654792692085,0.6369845636649036,3.417412398484602
40,0.0556019020605656,23974,58.159108958647,free_flow,highway,1060,3156,2.517746987146128,0.0442145657795945,0.1316426128305664,5.9297867,6,0.9314674230416284,0.9228469731097578,0.9443980979394344,0.7430328676895614,2.517746987146128
41,0.0869275047968632,23974,52.3155789969557,free_flow,highway,968,2547,2.597218233112327,0.0403770751647618,0.1062400934345541,4.5902443,8,0.9185200634020189,0.9221517755346069,0.9130724952031368,0.7961991075700672,2.597218233112327
42,0.0873863351964628,23974,54.85658163407183,free_flow,highway,1074,3915,3.344405347857004,0.0447985317427212,0.1633019104029365,4.5250587,5,0.9059481104529907,0.9015044075526265,0.9126136648035372,0.670347682583937,3.344405347857004
43,0.054350546425294,23974,51.76139377513471,free_flow,highway,1271,4732,3.0022704159665032,0.0530157670810044,0.1973804955368315,3.1932728,6,0.9173104196212565,0.8984177303189567,0.945649453574706,0.5691255644168447,3.0022704159665032
44,0.0724534912822224,23974,61.50984278934455,free_flow,highway,866,1836,2.200926499739797,0.0361224660048385,0.0765829648786185,3.4232035,1,0.9339868190539752,0.9382803592781068,0.9275465087177777,0.8855112350876546,2.200926499739797
45,0.0724534912822224,23974,61.46601140984744,free_flow,highway,858,1791,2.278890755990948,0.0357887711687661,0.0747059314257111,1.5891383,1,0.9344289647117712,0.9390172687077668,0.9275465087177777,0.8911624299130971,2.278890755990948
46,0.1077417201968799,23974,54.832071169031,free_flow,highway,831,2584,2.541426840055563,0.0346625510970217,0.107783432051389,1.2189673,1,0.9068657712521899,0.9166040988849031,0.8922582798031201,0.8280561928062931,2.541426840055563
47,0.0551013598064569,23974,50.66388170518061,free_flow,highway,1219,3636,3.678852288391789,0.0508467506465337,0.1516643029949111,4.5773916,4,0.9264369733878369,0.914129195517366,0.9448986401935431,0.6582290226278208,3.678852288391789
48,0.0897221990489697,23974,45.29157665513301,free_flow,highway,1441,4857,2.758445558084751,0.0601067823475431,0.202594477350463,5.156733,4,0.8936264286310169,0.8825255137510081,0.9102778009510303,0.48352072209660113,2.758445558084751
49,0.0666138316509552,23974,56.04892219547367,free_flow,highway,971,2180,2.897386073669756,0.0405022107282889,0.0909318428297322,2.2376528,3,0.9337448902978227,0.9339840382636746,0.9333861683490448,0.8308698502562212,2.897386073669756
50,0.0547676649703845,23974,55.76724525312475,free_flow,highway,711,1399,3.3630338455284234,0.0296571285559355,0.058354884458163,3.270173,3,0.9495369984149497,0.9524067740051724,0.9452323350296155,0.9764966892408321,3.3630338455284234
51,0.0763744056060732,23974,46.794368982402894,free_flow,highway,1054,3621,4.681789680222357,0.0439642946525402,0.1510386251772753,1.7809134,8,0.9151747726703929,0.9095408915213704,0.9236255943939268,0.7026716300910123,4.681789680222357
52,0.0564778510052556,23974,54.022849472510565,free_flow,highway,1307,4305,3.239546098882254,0.0545173938433302,0.1795695336614665,3.1537142,5,0.9192959038958873,0.9031450738299825,0.9435221489947444,0.5838486068714818,3.239546098882254
53,0.0898473346124968,23974,49.84836189933274,free_flow,highway,809,2217,3.5419764433956886,0.0337448902978226,0.0924751814465671,4.328876,3,0.920847584883624,0.9279775312143712,0.9101526653875032,0.8697690173152371,3.5419764433956886
54,0.0556019020605656,23974,55.226432504260565,free_flow,highway,1030,3099,2.9075942224446854,0.042963210144323,0.1292650371235505,5.7200537,8,0.932193209310086,0.9240566168905203,0.9443980979394344,0.7568817312315144,2.9075942224446854
55,0.1043213481271377,23974,54.46249440531475,free_flow,highway,809,2494,2.2756789928507204,0.0337448902978226,0.1040293651455743,5.9848857,4,0.909852340035038,0.9193014654764885,0.8956786518728623,0.8433266206164893,2.2756789928507204
56,0.0894302160674063,23974,35.48993191698414,congested,highway,1482,5968,3.244196970660014,0.0618169683824142,0.2489363477100191,2.4290109,2,0.8841912071410696,0.8666054892800534,0.9105697839325937,0.3968749521479462,3.244196970660014
57,0.055977308751147,23974,52.34295645679645,free_flow,highway,1052,3228,2.1322409793148926,0.0438808709435221,0.1346458663552181,3.8894944,6,0.9307082672895638,0.9218319846500376,0.944022691248853,0.7407822319592332,2.1322409793148926
58,0.0548510886794026,23974,57.05726905205507,free_flow,highway,738,1678,3.2077508239746497,0.0307833486276799,0.0699924918661883,4.4755545,8,0.9469341786935848,0.9481243569422431,0.9451489113205974,0.9490229983902819,3.2077508239746497
59,0.0590639859848168,23974,56.838519374825374,free_flow,highway,788,1874,2.607421035486857,0.0328689413531325,0.0781680153499624,3.53892,0,0.942354217068491,0.9432996857706961,0.9409360140151832,0.9169062469923733,2.607421035486857
60,0.0549762242429298,23974,51.46261459173364,free_flow,highway,1158,3765,3.34322404165359,0.0483023275214816,0.1570451322265788,2.8290565,3,0.92594477350463,0.91322543866967,0.9450237757570702,0.6703671906371864,3.34322404165359
61,0.0564778510052556,23974,51.182314984752,free_flow,highway,1404,4595,4.277582592782393,0.0585634437307082,0.1916659714690915,2.6312385,6,0.9160674063568867,0.8977642445983149,0.9435221489947444,0.5321250445283355,4.277582592782393
62,0.0876783181780262,23974,55.29485370063601,free_flow,highway,806,2548,4.800095606218907,0.0336197547342954,0.1062818052890631,3.836792,6,0.9194126970885126,0.9241400405995385,0.9123216818219738,0.8502641851501884,4.800095606218907
63,0.0553516309335113,23974,54.75765919031331,free_flow,highway,1208,3195,3.453385231487551,0.0503879202469341,0.1332693751564194,3.6214921,3,0.9300575623592225,0.9203303578877118,0.9446483690664887,0.6907693126640897,3.453385231487551
64,0.0601067823475431,23974,59.53392107322615,free_flow,highway,962,2407,2.457858877540616,0.0401268040377075,0.1004004338032868,2.391692,1,0.9358304830232753,0.9331219932704875,0.9398932176524569,0.8226893820648519,2.457858877540616
65,0.060023358638525,23974,58.981964456203215,free_flow,highway,719,1579,3.034151018100297,0.029990823392008,0.0658630182697922,1.2534679,1,0.9448152164845249,0.9480409332332249,0.939976641361475,0.9589823268703428,3.034151018100297
66,0.1139150746642195,23974,58.218150714861736,free_flow,highway,866,2681,2.3548565178414185,0.0361224660048385,0.111829481938767,1.5699569,1,0.9020605656127472,0.9127109924640583,0.8860849253357805,0.8063802727924119,2.3548565178414185
67,0.0609410194377242,23974,62.82664573128826,free_flow,highway,772,1784,2.219055067593067,0.0322015516809877,0.0744139484441478,3.0652652,5,0.9421122883123384,0.9441478268123801,0.9390589805622758,0.9271399623992747,2.219055067593067
68,0.0544339701343121,23974,59.40670784553637,free_flow,highway,1012,3154,2.363215887979173,0.04221239676316,0.1315591891215483,4.5859175,6,0.932585300742471,0.9239314813269932,0.9455660298656879,0.7599946506207887,2.363215887979173
69,0.0543922582798031,23974,55.996475960729946,free_flow,highway,1203,3316,3.268616546894056,0.0501793609743889,0.1383165095520147,4.0661435,5,0.9296654709268374,0.9190372903979311,0.9456077417201969,0.6850484841948428,3.268616546894056
70,0.0688245599399349,23974,55.16806391447878,free_flow,highway,939,3340,2.185425712511305,0.0391674313839993,0.1393175940602319,3.5900002,5,0.9230082589471929,0.9175634715386113,0.9311754400600651,0.7641642743599903,2.185425712511305
71,0.0692833903395345,23974,56.08708417253612,free_flow,highway,899,1971,3.1519170900750946,0.0374989572036372,0.0822140652373404,4.9181356,5,0.9344873613080837,0.9370011957398293,0.9307166096604655,0.8673315083624196,3.1519170900750946
72,0.0551013598064569,23974,53.98126866274443,free_flow,highway,1137,3073,4.127137600125002,0.0474263785767915,0.1281805289063151,2.3088005,4,0.9318178026195045,0.9230972442368122,0.9448986401935431,0.7228397844448845,4.127137600125002
73,0.0577709184950362,23974,48.8339097679894,free_flow,highway,1452,3989,3.366593720578245,0.0605656127471427,0.1663885876366063,2.4735792,3,0.9199466088262285,0.9050916270404049,0.9422290815049638,0.5550438302358871,3.366593720578245
74,0.0565195628597647,23974,59.47099180527582,free_flow,highway,1104,3440,1.832561366083098,0.0460498873779928,0.143488779511137,5.1320534,8,0.9281805289063152,0.9179805900837018,0.9434804371402353,0.7090304101662055,1.832561366083098
75,0.05672812213231,23974,44.83534849592349,free_flow,highway,1003,3276,3.0693452960283696,0.0418369900725786,0.1366480353716526,3.633504,4,0.9302661216317678,0.9215956174744863,0.94327187786769,0.7537028607113255,3.0693452960283696
76,0.0542254108617669,23974,47.45194756290214,free_flow,highway,1201,3675,3.724490039473981,0.0500959372653708,0.1532910653207641,2.427967,4,0.9267873529657129,0.914129195517366,0.9457745891382331,0.6622270673168471,3.724490039473981
77,0.0561441561691832,23974,53.07027459311079,free_flow,highway,1293,4063,2.61502990673759,0.0539334278802035,0.1694752648702761,5.5080566,7,0.9216317677483942,0.9068157170267791,0.9438558438308168,0.6046553777171884,2.61502990673759
78,0.0544756819888212,23974,60.64941770582152,free_flow,highway,985,2762,2.3831741165363005,0.0410861766914157,0.1152081421540001,4.2279844,4,0.9360557270376242,0.9297433330552544,0.9455243180111788,0.7948223513498425,2.3831741165363005
79,0.0542671227162759,23974,61.22418517878496,free_flow,highway,940,2368,2.150778157819119,0.0392091432385083,0.0987736714774338,3.3422134,3,0.9398431634270461,0.935916687522594,0.9457328772837241,0.8359859910283566,2.150778157819119
80,0.0547676649703845,23974,59.03623401211101,free_flow,highway,795,1928,3.403513214050671,0.0331609243346959,0.0804204554934512,6.4104695,6,0.9444231250521399,0.9438836517338228,0.9452323350296155,0.9134465161596341,3.403513214050671
81,0.0550596479519479,23974,48.86509542083289,free_flow,highway,1320,3855,3.1970416032712685,0.0550596479519479,0.1607991991323934,5.7020845,3,0.923792441811963,0.9096938349879036,0.9449403520480522,0.6098475167320937,3.1970416032712685
82,0.0553516309335113,23974,52.020610505958174,free_flow,highway,1391,5068,3.423510721270795,0.0580211896220905,0.2113956786518728,4.0189047,3,0.9129056477851005,0.8917438335975084,0.9446483690664887,0.5060634469227265,3.423510721270795
83,0.0763744056060732,23974,57.72031236551238,free_flow,highway,1085,2536,2.166067952583553,0.0452573621423208,0.1057812630349545,3.455214,1,0.923967631600901,0.9241956564055505,0.9236255943939268,0.7635270580994342,2.166067952583553
84,0.0553516309335113,23974,48.24905951354708,free_flow,highway,1208,4156,2.947339048519494,0.0503879202469341,0.1733544673396179,5.4822087,5,0.9220405439225828,0.9069686604933123,0.9446483690664887,0.6276217915153545,2.947339048519494
85,0.1006507049303412,23974,58.78871652954722,free_flow,highway,889,2836,2.187747871040188,0.0370818386585467,0.1182948193876699,4.14094,6,0.908534245432552,0.9146575456744808,0.8993492950696588,0.7960012279464799,2.187747871040188
86,0.0542671227162759,23974,56.82129595421495,free_flow,highway,892,2035,2.982848615100221,0.0372069742220739,0.0848836239259197,2.5961277,3,0.9430216067406357,0.9412140930452435,0.9457328772837241,0.8740329038232275,2.982848615100221
87,0.054350546425294,23974,56.43120098029479,free_flow,highway,1138,3121,3.710285017763953,0.0474680904313005,0.1301826979227496,4.399217,3,0.9318595144740136,0.9226662217402186,0.945649453574706,0.7197763842287592,3.710285017763953
88,0.0553516309335113,23974,56.14828726490735,free_flow,highway,1060,3685,2.0767230968469814,0.0442145657795945,0.1537081838658546,5.050152,4,0.9272044715108034,0.9155752064736798,0.9446483690664887,0.708414651358082,2.0767230968469814
89,0.0542671227162759,23974,59.772482209563,free_flow,highway,919,2652,2.2809863959765937,0.0383331942938183,0.1106198381580045,3.5999427,4,0.9376491198798699,0.9322599482773004,0.9457328772837241,0.8243966553411515,2.2809863959765937
90,0.065696170851756,23974,62.524761332051526,free_flow,highway,779,1755,2.1685836408754984,0.032493534662551,0.0732043046633853,1.6620762,1,0.9394427296237592,0.9428686632741026,0.934303829148244,0.923980795115455,2.1685836408754984
91,0.0544339701343121,23974,36.69513219347415,congested,highway,1700,7032,2.8713548639332824,0.0709101526653875,0.2933177609076499,6.0069003,1,0.8944940352048053,0.8604460387642169,0.9455660298656879,0.27346621387499437,2.8713548639332824
92,0.1082839743054976,23974,59.9908872674233,free_flow,highway,838,2605,1.9953279246961988,0.0349545340785851,0.108659380996079,1.4481485,3,0.9063068324017687,0.9160340368732794,0.8917160256945024,0.8240100945064155,1.9953279246961988
93,0.0545591056978393,23974,57.02017531227613,free_flow,highway,1080,3180,2.374097186634727,0.0450488028697755,0.1326436973387836,4.1596856,1,0.9317260365395846,0.9225827980312006,0.9454408943021607,0.7353139429842983,2.374097186634727
94,0.0684908651038625,23974,55.09283332406403,free_flow,highway,1145,3472,2.336275806727129,0.0477600734128639,0.1448235588554267,5.240324,3,0.9203887544840244,0.9129751675426157,0.9315091348961375,0.6863039622322862,2.336275806727129
95,0.0699924918661883,23974,51.68180732499891,free_flow,highway,1200,3998,3.420038275592209,0.0500542254108617,0.1667639943271877,2.2146902,2,0.9146408609326772,0.9043964294652541,0.9300075081338117,0.6323625820658305,3.420038275592209
96,0.1346458663552181,23974,57.193825238585184,free_flow,highway,1156,3913,2.9159236825343857,0.0482189038124635,0.1632184866939184,5.5234118,2,0.8769250020855928,0.8846389143794666,0.8653541336447819,0.6159563522755422,2.9159236825343857
97,0.0562692917327104,23974,58.28741311685543,free_flow,highway,960,3637,2.493374899527398,0.0400433803286894,0.1517060148494202,4.337461,5,0.9278885459247519,0.91732710436306,0.9437307082672896,0.744724215667617,2.493374899527398
98,0.0558938850421289,23974,52.377480895308544,free_flow,highway,1056,3226,2.5595974011528364,0.0440477183615583,0.1345624426462,3.72856,6,0.930741636773171,0.9218319846500376,0.9441061149578711,0.7396140315626623,2.5595974011528364
99,0.054350546425294,23974,63.06933404044858,free_flow,highway,669,1471,1.9938875580821025,0.0279052306665554,0.0613581379828147,1.521704,1,0.9495369984149495,0.952128694975112,0.945649453574706,0.986147770011745,1.9938875580821025
100,0.0555601902060565,23974,51.51813431150943,free_flow,highway,1215,3976,3.5843955786758404,0.0506799032284975,0.1658463335279886,3.3561628,4,0.9233586385250688,0.9093045243458191,0.9444398097939435,0.6369734339110036,3.5843955786758404
101,0.0783765746225077,23974,52.37624675408942,free_flow,highway,1078,2709,2.9630106888282413,0.0449653791607574,0.1129974138650204,3.7211235,3,0.9213814966213398,0.9212202107839048,0.9216234253774923,0.7533767264655624,2.9630106888282413
102,0.0542254108617669,23974,53.10179400699965,free_flow,highway,1151,3377,2.56150023967764,0.0480103445399182,0.1408609326770668,5.7157974,2,0.9296904980395428,0.918967770640416,0.9457745891382331,0.6986476811561346,2.56150023967764
103,0.0550596479519479,23974,57.44369381313884,free_flow,highway,1047,3182,2.7977979451283863,0.0436723116709768,0.1327271210478018,4.0864944,5,0.9316843246850756,0.9228469731097578,0.9449403520480522,0.7460112618663144,2.7977979451283863
104,0.0553516309335113,23974,58.258871002448416,free_flow,highway,990,2803,2.661287740952169,0.0412947359639609,0.1169183281888712,3.0835164,4,0.9351464086093269,0.9288117683045523,0.9446483690664887,0.7899456208578834,2.661287740952169
105,0.2295820472178193,23974,51.80882425868766,free_flow,highway,1452,5112,2.2275630444886723,0.0605656127471427,0.2132310002502711,4.7835503,3,0.8074914490698256,0.8322071132615889,0.7704179527821807,0.38343193769361106,2.2275630444886723
106,0.1092850588137148,23974,58.32280445019141,free_flow,highway,851,2720,2.5364809065641216,0.0354967881872028,0.11345624426462,4.292916,8,0.9046383582214066,0.9139206362448208,0.8907149411862852,0.8115053278676002,2.5364809065641216
107,0.1127471427379661,23974,60.12205312368823,free_flow,highway,874,2678,1.898510373672007,0.0364561608409109,0.1117043463752398,2.0841665,9,0.9027196129139902,0.9130307833486278,0.887252857262034,0.8045481213763435,1.898510373672007
108,0.1348127137732543,23974,58.4469751125889,free_flow,highway,1071,3326,2.121652789198881,0.0446733961791941,0.1387336280971052,4.3354015,9,0.8824309668807876,0.8939267539834821,0.8651872862267457,0.6830595042015042,2.121652789198881
109,0.075415032952365,23974,53.29893381520457,free_flow,highway,1020,2241,2.777205133603732,0.0425460915992325,0.0934762659547843,4.4231997,2,0.9275465087177777,0.9295208698312061,0.924584967047635,0.8053484430688477,2.777205133603732
110,0.0927254525736214,23974,58.5734345143747,free_flow,highway,750,2313,2.494207497937581,0.0312838908817886,0.096479519479436,4.0600724,3,0.9188120463835823,0.9265037123550514,0.9072745474263786,0.8816921850503785,2.494207497937581
111,0.0641945440894302,23974,58.2956974222074,free_flow,highway,884,3281,2.871295755587071,0.0368732793860015,0.1368565946441979,4.345782,6,0.926737298740302,0.9206918606267901,0.9358054559105697,0.7892001056582401,2.871295755587071
112,0.1049887377992825,23974,50.3273881857462,free_flow,highway,1194,2663,3.557092273243104,0.0498039542838074,0.111078668557604,1.2027079,1,0.9048302327521482,0.9113762131197687,0.8950112622007175,0.7021815640214488,3.557092273243104
113,0.0545591056978393,23974,54.615116839539134,free_flow,highway,1100,3120,3.57273191791107,0.0458830399599566,0.1301409860682406,3.7600636,3,0.932059731375657,0.9231389560913211,0.9454408943021607,0.7325209688219994,3.57273191791107
114,0.1121214649203303,23974,57.100164480435815,free_flow,highway,907,2806,2.971064056166667,0.0378326520397096,0.1170434637523984,4.797868,6,0.9017518978893803,0.9110008064291872,0.8878785350796697,0.7853797188806216,2.971064056166667
115,0.0776257612413447,23974,57.546376050907,free_flow,highway,885,2910,2.327833625316315,0.0369149912405105,0.1213814966213397,4.210113,2,0.9217652456828231,0.9213592502989351,0.9223742387586553,0.8055948598826354,2.327833625316315
116,0.0544756819888212,23974,58.45714406546245,free_flow,highway,887,2251,3.1019342548342714,0.0369984149495286,0.0938933844998748,3.1899176,2,0.9411362309168266,0.9382108395205918,0.9455243180111788,0.8614046516178745,3.1019342548342714
117,0.0550179360974388,23974,58.78159730912192,free_flow,highway,972,3071,2.3716036122466004,0.040543922582798,0.128097105197297,5.044758,2,0.9332610327855178,0.925447012040822,0.9449820639025612,0.778587297116622,2.3716036122466004
118,0.0589805622757987,23974,61.97856111647406,free_flow,highway,730,1649,2.151701794007,0.0304496537916075,0.0687828480854258,2.9736345,2,0.9447651622591141,0.947262311949056,0.9410194377242013,0.9512717463634774,2.151701794007
119,0.0547676649703845,23974,57.98230695687524,free_flow,highway,1163,3685,2.014176700685001,0.0485108867940268,0.1537081838658546,6.3331237,6,0.926695586885793,0.9143377547899114,0.9452323350296155,0.6740588529609295,2.014176700685001
120,0.0803370317844331,23974,53.84878482774328,free_flow,highway,1081,3478,3.408812787927663,0.0450905147242846,0.145073829982481,2.6204002,2,0.913764911987987,0.9098328745029338,0.9196629682155669,0.700719058523777,3.408812787927663
121,0.0621089513639776,23974,55.91703295302716,free_flow,highway,789,1552,3.4919143390789755,0.0329106532076416,0.0647367981980478,2.1765454,1,0.9432051389004755,0.9467478657434443,0.9378910486360224,0.9359945312673065,3.4919143390789755
122,0.0541836990072578,23974,59.38600269339403,free_flow,highway,1046,2724,2.4964254595918063,0.0436305998164678,0.1136230916826562,4.0220704,3,0.9360390422958205,0.9295208698312061,0.9458163009927422,0.7769420365114931,2.4964254595918063
123,0.0541836990072578,23974,63.62584691616977,free_flow,highway,658,1467,1.9069891026124863,0.0274464002669558,0.0611912905647785,4.0180926,4,0.9497622424292984,0.9523928700536692,0.9458163009927422,0.9902101771966971,1.9069891026124863
124,0.0760824226245098,23974,50.70412139606266,free_flow,highway,1308,4296,3.1714339674859406,0.0545591056978393,0.1791941269708851,2.1115296,2,0.9075998998915492,0.8967214482355886,0.9239175773754902,0.5729415107111808,3.1714339674859406
125,0.0761658463335279,23974,47.466576158563306,free_flow,highway,1263,3815,3.463924145337343,0.052682072244932,0.1591307249520313,2.5923848,6,0.9119379327604906,0.9040071188231696,0.9238341536664721,0.6196557012894055,3.463924145337343
126,0.0546425294068574,23974,54.40247669101844,free_flow,highway,801,1460,4.73294201986014,0.0334111954617502,0.0608993075832151,1.0,1,0.9483523817468925,0.9503489891827258,0.9453574705931426,0.9422494677335204,4.73294201986014
127,0.1036539584549929,23974,50.97579431288658,free_flow,highway,1412,5140,4.076365020438809,0.0588971385667806,0.2143989321765245,6.491796,8,0.8831484107783433,0.874349990267234,0.8963460415450071,0.46675939384525034,4.076365020438809
128,0.0645699507800116,23974,57.4885397176306,free_flow,highway,1115,3147,2.627504250636602,0.0465087177775923,0.131267206139985,5.805848,8,0.9257028447484776,0.9192180417674704,0.9354300492199884,0.7199955064126891,2.627504250636602
129,0.0973554684241261,23974,54.23811240285442,free_flow,highway,891,2579,2.7534034390430904,0.0371652623675648,0.1075748727788437,2.5782452,3,0.9126386919162426,0.9193014654764885,0.9026445315758739,0.8140913126855033,2.7534034390430904
130,0.0546425294068574,23974,54.25185857761252,free_flow,highway,1018,3950,3.0579038502027998,0.0424626678902144,0.1647618253107533,3.539428,7,0.9257695837156921,0.9127109924640583,0.9453574705931426,0.7055498979392043,3.0579038502027998
131,0.0550179360974388,23974,51.76804050949375,free_flow,highway,1135,3920,3.169150408974802,0.0473429548677734,0.1635104696754817,3.3809235,10,0.9248185534328857,0.9113762131197687,0.9449820639025612,0.6679042837115724,3.169150408974802
132,0.0658630182697922,23974,62.12928066251667,free_flow,highway,852,2013,2.3455346135562203,0.0355385000417118,0.0839659631267206,4.274353,7,0.9365812964044382,0.9382108395205918,0.9341369817302078,0.8823476713515782,2.3455346135562203
133,0.0892633686493701,23974,51.37843786787538,free_flow,highway,1055,2537,3.043342059718133,0.0440060065070493,0.1058229748894635,3.1440427,2,0.9164761825310754,0.9203025499847057,0.9107366313506299,0.766226499089074,3.043342059718133
134,0.0706598815383331,23974,53.69494682400644,free_flow,highway,1256,4508,2.9982008783324794,0.0523900892633686,0.188037040126804,3.187514,4,0.9095186451989656,0.8963043296904981,0.9293401184616669,0.579610752378249,2.9982008783324794
135,0.0555601902060565,23974,59.083632020005794,free_flow,highway,693,1561,2.938507192315485,0.0289063151747726,0.0651122048886293,5.1354184,5,0.9478601818636857,0.9501404299101806,0.9444398097939435,0.9714624442432597,2.938507192315485
136,0.0571035288228914,23974,58.90082705338191,free_flow,highway,871,2384,2.1783677522342324,0.0363310252773838,0.0994410611495787,5.072016,3,0.9385834654208727,0.9357081282500487,0.9428964711771086,0.8565575183301297,2.1783677522342324
137,0.0549345123884207,23974,51.28142175518187,free_flow,highway,1138,3597,3.629049807264749,0.0474680904313005,0.1500375406690581,4.6237655,4,0.9275381663468758,0.9158532855037402,0.9450654876115793,0.68816584321166,3.629049807264749
138,0.0572286643864186,23974,57.18586737815173,free_flow,highway,1049,2685,2.756463036675976,0.043755735379995,0.1119963293568032,5.0529175,3,0.9345123884207892,0.9290064236255944,0.9427713356135814,0.7767607698717736,2.756463036675976
139,0.0773337782597814,23974,51.27947791655245,free_flow,highway,1300,4383,3.5072394896058032,0.0542254108617669,0.1828230583131726,2.8886743,1,0.9061900392091433,0.8952059175217597,0.9226662217402186,0.5692065070378942,3.5072394896058032
140,0.1173354467339617,23974,50.36396461576761,free_flow,highway,1287,4075,5.135753481615666,0.0536831567531492,0.1699758071243847,3.820488,3,0.8848669391841162,0.8863351964628348,0.8826645532660383,0.5710487509303295,5.135753481615666
141,0.0555184783515475,23974,54.04475680333589,free_flow,highway,1210,3451,3.244103118987369,0.0504713439559522,0.1439476099107366,4.4260125,5,0.9278051222157337,0.9166875225939213,0.9444815216484524,0.6731789444156835,3.244103118987369
142,0.0634020188537582,23974,55.254429169960574,free_flow,highway,1140,3266,2.878293581273893,0.0475515141403186,0.1362309168265621,5.9904733,7,0.925202302494369,0.9176051833931204,0.9365979811462418,0.7044214589475,2.878293581273893
143,0.0847584883623926,23974,54.18352209602731,free_flow,highway,1062,2370,3.5854903658857937,0.0442979894886126,0.0988570951864519,3.3164363,4,0.9205138900475516,0.9240288089875143,0.9152415116376074,0.777407468396618,3.5854903658857937
144,0.0548093768248936,23974,38.8932355289659,congested,highway,1792,9043,2.7604419006834124,0.0747476432802202,0.3772003003253524,5.0204263,3,0.8767247851839494,0.8310808931898446,0.9451906231751064,0.11012552538518516,2.7604419006834124
145,0.0553933427880203,23974,60.25496354516334,free_flow,highway,1092,3034,2.129689686975705,0.0455493451238842,0.1265537665804621,5.547139,4,0.9323433719863186,0.9241678485025444,0.9446066572119797,0.7403913163252094,2.129689686975705
146,0.0874697589054809,23974,50.99992140956937,free_flow,highway,1308,4414,3.1717710058913027,0.0545591056978393,0.1841161258029532,2.6199532,8,0.8997830983565529,0.8912850031979088,0.9125302410945191,0.5587044143709905,3.1717710058913027
147,0.0807958621840327,23974,55.73094188677946,free_flow,highway,1035,2122,2.7312017417016583,0.0431717694168682,0.0885125552682072,1.4471858,3,0.9251856177525652,0.9291732710436307,0.9192041378159673,0.8050527358734841,2.7312017417016583
148,0.0876783181780262,23974,51.53739123468414,free_flow,highway,1362,3962,3.5801604516003445,0.0568115458413281,0.1652623675648619,3.4813929,2,0.9029782264119462,0.8967492561385946,0.9123216818219738,0.5701006062682605,3.5801604516003445
149,0.0918495036289313,23974,54.22739215830377,free_flow,highway,1231,4813,2.295509156083111,0.0513472929006423,0.2007591557520647,1.2279849,0,0.8944690080920998,0.8853480159061206,0.9081504963710687,0.5559244747473004,2.295509156083111
150,0.0929340118461666,23974,49.73928266865824,free_flow,highway,1378,3818,3.828982124815111,0.0574789355134729,0.1592558605155585,3.0551455,1,0.9008926336864937,0.8967770640416006,0.9070659881538334,0.5711821201481706,3.828982124815111
151,0.0549762242429298,23974,51.93917726346399,free_flow,highway,1128,2946,3.180046886110747,0.04705097188621,0.1228831233836656,4.42841,4,0.933027446400267,0.9250298934957315,0.9450237757570702,0.7342872416040478,3.180046886110747
152,0.0726203387002586,23974,56.87020070353994,free_flow,highway,864,1836,2.6272725843208447,0.0360390422958204,0.0765829648786185,3.5539663,4,0.933903395344957,0.9382525513751008,0.9273796612997414,0.8860898005560589,2.6272725843208447
153,0.0724534912822224,23974,58.27617764813998,free_flow,highway,875,1856,2.6059425654247126,0.03649787269542,0.0774172019687995,1.9449584,4,0.9337448902978227,0.9378771446845193,0.9275465087177777,0.8811660163878869,2.6059425654247126
154,0.0546425294068574,23974,52.83775515406241,free_flow,highway,1108,3139,2.6725159597500467,0.046216734796029,0.1309335113039125,7.9457984,7,0.9317844331358973,0.9227357414977337,0.9453574705931426,0.7285307430761521,2.6725159597500467
155,0.054308834570785,23974,48.89932550938119,free_flow,highway,1449,5274,3.3572342259670203,0.0604404771836155,0.2199883206807374,7.123857,7,0.9113289396846584,0.8884207891882874,0.945691165429215,0.47358764627264927,3.3572342259670203
156,0.0541836990072578,23974,52.52976389104069,free_flow,highway,649,1380,2.596344965643998,0.0270709935763744,0.057562359222491,2.697467,4,0.9505631100358722,0.953727649397959,0.9458163009927422,0.9989579806175517,2.596344965643998
157,0.0549762242429298,23974,56.48138504212898,free_flow,highway,1121,3129,2.6944357875794016,0.0467589889046467,0.130516392758822,6.870724,7,0.9315591891215484,0.9225827980312005,0.9450237757570702,0.7246197269665801,2.6944357875794016
158,0.0551013598064569,23974,51.4975219185864,free_flow,highway,1121,3984,4.2857400080245664,0.0467589889046467,0.166180028364061,3.450265,7,0.9243513806623843,0.9106532076416118,0.9448986401935431,0.6683662441583251,4.2857400080245664
159,0.0545591056978393,23974,50.26253759032603,free_flow,highway,1616,5566,3.634167156615434,0.0674063568866271,0.2321681821973805,5.3577013,7,0.9073496287644949,0.8819554517393844,0.9454408943021607,0.39801561788210293,3.634167156615434
160,0.0545173938433302,23974,45.11029961691303,free_flow,highway,1889,5384,3.684734073685646,0.0787936931675982,0.2245766246767331,5.2086315,6,0.9066155001251356,0.8807040961041128,0.9454826061566698,0.31805785892307126,3.684734073685646
161,0.0544756819888212,23974,59.54811270410669,free_flow,highway,974,2673,2.513218420484625,0.0406273462918161,0.1114957871026945,7.0211973,6,0.9368899641278051,0.9311337282055561,0.9455243180111788,0.8043751339446694,2.513218420484625
162,0.0544339701343121,23974,59.57411565902744,free_flow,highway,1071,2936,2.3522179451019025,0.0446733961791941,0.1224660048385751,6.291674,5,0.9339117377158589,0.9261422096159729,0.9455660298656879,0.7544494958504347,2.3522179451019025
163,0.0552264953699841,23974,48.74381783969671,free_flow,highway,1797,6426,3.380519769432758,0.0749562025527655,0.2680403770751647,6.04986,5,0.8982647868524235,0.8672589750006953,0.9447735046300159,0.28016779038480477,3.380519769432758
164,0.0556436139150746,23974,52.881846024330585,free_flow,highway,1120,3996,3.307803129316018,0.0467172770501376,0.1666805706181696,3.5854108,5,0.9239342621172938,0.9103195128055394,0.9443563860849254,0.6676057727740525,3.307803129316018
165,0.076249270042546,23974,48.11341805805496,free_flow,highway,1183,3423,4.4092027441103525,0.0493451238842078,0.1427796779844831,2.6509004,2,0.9158254776007342,0.9105419760295876,0.923750729957454,0.6723089601671368,4.4092027441103525
166,0.0817969466922499,23974,58.40127358540536,free_flow,highway,816,2702,3.10352915393793,0.034036873279386,0.112705430883457,4.9295144,7,0.9215733711520815,0.923820249714969,0.9182030533077501,0.8401255302721244,3.10352915393793
167,0.0578960540585634,23974,62.39021679901904,free_flow,highway,711,1627,2.170512532757048,0.0296571285559355,0.0678651872862267,3.9850857,4,0.9457579043964295,0.9481938766997582,0.9421039459414366,0.9597336354052184,2.170512532757048
168,0.0937682489363477,23974,58.59125073988885,free_flow,highway,764,2358,2.531238951324252,0.0318678568449153,0.0983565529323433,3.3931391,3,0.9176941686827397,0.9253357804287979,0.9062317510636523,0.8734266061080036,2.531238951324252
169,0.0898056227579878,23974,59.1637353329864,free_flow,highway,1068,2176,2.492547730279231,0.0445482606156669,0.090764995411696,2.9984775,4,0.9190539751397347,0.9249603737382164,0.9101943772420122,0.7852610285177599,2.492547730279231
170,0.0757487277884374,23974,52.19635443357288,free_flow,highway,936,2672,3.3740688325050554,0.0390422958204721,0.1114540752481855,2.7252746,5,0.9244514891132061,0.924584967047635,0.9242512722115626,0.8051268186887647,3.3740688325050554
171,0.0968966380245265,23974,59.43881177161502,free_flow,highway,1148,2324,2.345931786551833,0.047885208976391,0.0969383498790356,4.6157,3,0.9128973054141988,0.9194266010400156,0.9031033619754735,0.7445563528074853,2.345931786551833
172,0.0555184783515475,23974,52.14831599974045,free_flow,highway,1240,3204,4.006094681275085,0.0517226995912238,0.1336447818470009,2.9491029,4,0.9296154167014266,0.9197046800700759,0.9444815216484524,0.6793059876679186,4.006094681275085
173,0.1069074831066989,23974,58.436107204762834,free_flow,highway,840,2559,2.128519404619555,0.0350379577876032,0.1067406356886627,4.7386594,2,0.9074997914407275,0.9171046411390117,0.893092516893301,0.8271429003244823,2.128519404619555
174,0.1238842078918828,23974,46.683462093855645,free_flow,highway,1475,4513,3.1190865832164745,0.0615249854008509,0.1882455993993493,1.883775,0,0.8757153583048303,0.8754484024359723,0.8761157921081172,0.47522466795188767,3.1190865832164745
175,0.055143071660966,23974,57.76001552938965,free_flow,highway,1100,3572,2.831969173615332,0.0458830399599566,0.1489947443063318,5.826709,5,0.9279386001501627,0.9166597146909152,0.944856928339034,0.7024874730781256,2.831969173615332
176,0.0607741720196879,23974,59.17254318832174,free_flow,highway,967,3203,2.337445460094997,0.0403353633102527,0.1336030699924918,5.034063,3,0.9287478101276384,0.9217624648925226,0.9392258279803121,0.7683201772686743,2.337445460094997
177,0.0585217318761992,23974,58.29240516511936,free_flow,highway,687,1484,2.2745652035737125,0.0286560440477183,0.0619003920914323,2.9660478,3,0.9467756736464503,0.9503072773282167,0.9414782681238008,0.9768566768912929,2.2745652035737125
178,0.0550596479519479,23974,60.57271520006462,free_flow,highway,684,1552,2.49636909893125,0.0285309084841912,0.0647367981980478,6.5457716,9,0.9483106698923834,0.9505575484552711,0.9449403520480522,0.9753698303245272,2.49636909893125
179,0.0548928005339117,23974,52.96004644912941,free_flow,highway,684,1414,2.719796992376662,0.0285309084841912,0.0589805622757987,1.6453925,9,0.949562025527655,0.9525319095686995,0.9451071994660883,0.9845328339117053,2.719796992376662
180,0.1099107366313506,23974,51.60399377765066,free_flow,highway,1030,2727,3.3405962113718437,0.042963210144323,0.1137482272461833,1.8566871,1,0.9027112705430884,0.9111259419927143,0.8900892633686494,0.7504056248405925,3.3405962113718437
181,0.0958538416618002,23974,54.511893456668005,free_flow,highway,872,2744,2.6806575178665777,0.0363727371318928,0.1144573287728372,1.0,0,0.9123216818219739,0.9177720308111565,0.9041461583381998,0.8105028738053591,2.6806575178665777
182,0.0543922582798031,23974,60.276966713940105,free_flow,highway,859,2422,2.51899243360201,0.0358304830232752,0.1010261116209226,1.0,0,0.9399933261032786,0.9362503823586663,0.9456077417201969,0.8596455229627157,2.51899243360201
183,0.0902227413030783,23974,61.56023685050339,free_flow,highway,1048,2256,1.9744991432517505,0.0437140235254859,0.0941019437724201,1.1794798,3,0.9183031617585719,0.9239870971330052,0.9097772586969217,0.7865023151203739,1.9744991432517505
184,0.0554767664970384,23974,60.2918956018491,free_flow,highway,672,1480,2.493053089259396,0.0280303662300825,0.0617335446733961,4.2718353,3,0.9487611579210813,0.9515864408664944,0.9445232335029616,0.9839048353860917,2.493053089259396
185,0.0587720030032535,23974,58.64798639332822,free_flow,highway,934,2424,2.7362477836439205,0.038958872111454,0.1011095353299407,3.2307763,2,0.9367231167097689,0.9337198631851172,0.9412279969967465,0.8317620767422125,2.7362477836439205
186,0.0546008175523483,23974,57.53639173919895,free_flow,highway,1017,2893,3.128682792602038,0.0424209560357053,0.1206723950946859,1.729321,2,0.9346208392425128,0.9274352771057535,0.9453991824476518,0.7753661278646425,3.128682792602038
187,0.0547259531158755,23974,41.7975832283916,free_flow,highway,1911,6566,3.633395305231461,0.0797113539667973,0.2738800367064319,6.22999,5,0.8964461499958288,0.8638942187369651,0.9452740468841245,0.2328604915541561,3.633395305231461
188,0.0545173938433302,23974,58.31427386282229,free_flow,highway,944,2560,2.902784100765247,0.0393759906565445,0.1067823475431717,6.1799135,5,0.9380578960540586,0.9331080893189845,0.9454826061566698,0.821880021474283,2.902784100765247
189,0.0623592224910319,23974,58.21441814942378,free_flow,highway,754,1597,2.790638022540292,0.0314507382998248,0.0666138316509552,2.0894127,2,0.9429715525152249,0.946525402519396,0.9376407775089681,0.9446823593351943,2.790638022540292
190,0.0550596479519479,23974,57.11375130597831,free_flow,highway,1026,2895,3.51577591994502,0.0427963627262868,0.120755818803704,2.9294627,6,0.9342537749228331,0.9271293901726871,0.9449403520480522,0.7719424616379313,3.51577591994502
191,0.0598147993659798,23974,46.092313316277824,free_flow,highway,1621,6562,4.250251347028064,0.0676149161591724,0.2737131892883958,5.922317,5,0.8958454992908985,0.866285698395484,0.9401852006340202,0.32789205432375357,4.250251347028064
192,0.0547259531158755,23974,55.19580747860447,free_flow,highway,1064,2855,2.994005509937353,0.0443814131976307,0.1190873446233419,6.0691285,5,0.9344706765662801,0.9272684296877173,0.9452740468841245,0.761963241002717,2.994005509937353
193,0.0558938850421289,23974,42.9391409807715,free_flow,highway,1750,7748,3.9770219655950023,0.07299574539084,0.3231834487361308,6.308557,5,0.8872278301493285,0.8493089736103001,0.9441061149578711,0.20874753711504423,3.9770219655950023
194,0.1179611245515975,23974,49.38724395211214,free_flow,highway,1140,2797,3.386314290878611,0.0475515141403186,0.1166680570618169,1.571127,1,0.8963794110286144,0.905939768082089,0.8820388754484025,0.7041767539699999,3.386314290878611
195,0.0581880370401268,23974,59.04078085253734,free_flow,highway,1023,2953,2.94926602033155,0.0426712271627596,0.1231751063652289,7.943045,6,0.9319179110703262,0.9253218764772949,0.9418119629598732,0.7673604832561359,2.94926602033155
196,0.0554767664970384,23974,30.92804787858805,congested,highway,1057,2396,2.124553550738168,0.0440894302160674,0.0999416034036873,5.431635,7,0.9379077333778261,0.933497399961069,0.9445232335029616,0.7940542177264363,2.124553550738168
197,0.057604071077,23974,38.33100190550345,congested,highway,1145,3479,3.059009048824056,0.0477600734128639,0.14511554183699,4.704124,4,0.9268624343038292,0.9165067712243821,0.942395928923,0.6920423013093653,3.059009048824056
198,0.0558521731876199,23974,58.88260067785074,free_flow,highway,937,3307,2.5301608654084253,0.0390840076749812,0.1379411028614332,6.6575766,6,0.9310836739801451,0.9223742387586552,0.9441478268123801,0.7743919967869626,2.5301608654084253
199,0.1163760740802536,23974,51.11385959127679,free_flow,highway,1339,4125,2.634112252559321,0.0558521731876199,0.1720613998498373,3.7428408,3,0.8845916409443564,0.8852367842940964,0.8836239259197464,0.55079692412676,2.634112252559321
200,0.0548928005339117,23974,60.25523101415423,free_flow,highway,641,1399,2.840051027502016,0.0267372987403019,0.058354884458163,1.2631499,0,0.95004588303996,0.9533383387558745,0.9451071994660883,1.0,2.840051027502016
201,0.0939350963543839,23974,59.09575378286795,free_flow,highway,799,2507,2.322354094581299,0.0333277717527321,0.104571619254192,2.793582,7,0.9160590639859848,0.9227218375462307,0.9060649036456161,0.8517535122495471,2.322354094581299
202,0.0937265370818386,23974,56.735622172035576,free_flow,highway,1106,2247,2.572201962178604,0.0461333110870109,0.0937265370818386,1.4869692,9,0.915792108117127,0.922137871583104,0.9062734629181614,0.765565645207515,2.572201962178604
203,0.0578960540585634,23974,62.94294674058273,free_flow,highway,697,1542,2.108783821362031,0.0290731625928088,0.0643196796529573,1.0,0,0.9465837991157088,0.9495703678985569,0.9421039459414366,0.9700339152229783,2.108783821362031
204,0.0542254108617669,23974,55.32254060615932,free_flow,highway,923,1686,2.398283027512609,0.0385000417118545,0.0703261867022607,3.5866013,4,0.9456995078001168,0.945649453574706,0.9457745891382331,0.8865493584359359,2.398283027512609
205,0.0659047301243013,23974,59.674935412834806,free_flow,highway,944,2309,3.184886586791776,0.0393759906565445,0.0963126720613998,3.7802742,6,0.9333194293818303,0.9328022023859182,0.9340952698756987,0.8318899962099336,3.184886586791776
206,0.0548510886794026,23974,52.13959641794484,free_flow,highway,1074,3868,2.971174360848591,0.0447985317427212,0.1613414532410111,7.1020103,6,0.925861349795612,0.9130029754456217,0.9451489113205974,0.6919597498063803,2.971174360848591
